:START_ID,:END_ID,name:string,length:float,maxspeed:int,weight:float,:TYPE
247486278,12161223129,Avenida General San Martín,74.62003145911349,40,1.8655007864778372,STREET
247486278,12161223128,Avenida General San Martín,72.62724993372431,40,1.815681248343108,STREET
286045064,676748186,Avenida General San Martín,123.0843151184562,40,3.077107877961405,STREET
286045064,12161223128,Avenida General San Martín,52.266725945223534,40,1.3066681486305884,STREET
286045064,287040677,Avenida Juan Gregorio Las Heras,123.70296100290277,40,3.0925740250725693,STREET
286045221,287042850,Avenida General San Martín,129.09109564579458,40,3.2272773911448644,STREET
286045221,437562113,José Garibaldi,103.76603202615092,40,2.594150800653773,STREET
286045221,676748185,Avenida General San Martín,124.59751150741413,40,3.1149377876853532,STREET
286045369,437560039,España,122.65219840610568,40,3.066304960152642,STREET
286045369,2964722366,Lorenzo Barcala,54.417779950948834,40,1.3604444987737208,STREET
286045370,286054443,Avenida Pedro Molina,125.1147368455602,40,3.127868421139005,STREET
286045370,287055465,España,211.60870789521297,40,5.290217697380324,STREET
286045446,1086062886,Avenida Juan Gregorio Las Heras,11.896074726094739,40,0.29740186815236846,STREET
286045446,287044657,Avenida Juan Gregorio Las Heras,116.5569569459629,40,2.9139239236490724,STREET
286045446,287042870,Avenida Bartolomé Mitre,124.63689623040827,40,3.1159224057602066,STREET
286054350,287055435,Avenida Pedro Molina,116.19892496822975,40,2.9049731242057435,STREET
286054350,1085711152,25 de Mayo,20.117308978890204,40,0.5029327244722551,STREET
286054443,1085711157,Patricias Mendocinas,21.14276491169522,40,0.5285691227923806,STREET
286054443,1706326546,Avenida Pedro Molina,125.77712596669984,40,3.144428149167496,STREET
286068443,1086062938,Avenida Pedro Molina,87.01140146740828,40,2.175285036685207,STREET
286068443,1086014021,La Pampa,151.9018668518784,40,3.79754667129696,STREET
286994609,1707877998,José Vicente Zapata,73.826203636509,60,1.2304367272751502,STREET
286994609,1091605025,Salta,71.82813429014183,40,1.795703357253546,STREET
286994609,890729132,José Vicente Zapata,166.12088840218286,40,4.153022210054571,STREET
287040660,287040669,Avenida Juan Gregorio Las Heras,118.25608650238367,40,2.9564021625595918,STREET
287040660,1086062886,Avenida Juan Gregorio Las Heras,118.39602221413386,40,2.9599005553533466,STREET
287040660,287040690,Patricias Mendocinas,124.79174435128384,40,3.119793608782096,STREET
287040669,287040660,Avenida Juan Gregorio Las Heras,118.25608650238367,40,2.9564021625595918,STREET
287040669,287058063,España,124.69011927709901,40,3.1172529819274755,STREET
287040669,287040677,Avenida Juan Gregorio Las Heras,120.53883023310367,40,3.0134707558275915,STREET
287040677,676748187,9 de Julio,126.71088206267855,40,3.167772051566964,STREET
287040677,287040669,Avenida Juan Gregorio Las Heras,120.53883023310367,40,3.0134707558275915,STREET
287040677,286045064,Avenida Juan Gregorio Las Heras,123.70296100290277,40,3.0925740250725693,STREET
287040684,287040690,Mariano Necochea,118.56694459565267,40,2.9641736148913167,STREET
287040684,287040669,España,126.23448116212371,40,3.1558620290530928,STREET
287040690,1086062984,Mariano Necochea,118.7718507096175,40,2.9692962677404373,STREET
287040690,287040708,Patricias Mendocinas,122.71644293671602,40,3.0679110734179007,STREET
287040698,1086062987,José Albino Gutiérrez,11.474199854868173,40,0.2868549963717043,STREET
287040698,5364451010,Avenida Bartolomé Mitre,120.70737719815945,40,3.0176844299539862,STREET
287040708,1840278959,José Albino Gutiérrez,119.79006846711978,40,2.9947517116779947,STREET
287040708,5364451013,Patricias Mendocinas,120.01577648391505,40,3.0003944120978763,STREET
287040724,1091465850,Juan Galo de Lavalle,174.4331217233949,40,4.360828043084872,STREET
287040724,676748186,Avenida General San Martín,123.80758106530878,40,3.0951895266327196,STREET
287040724,676748185,Avenida General San Martín,119.43049003499875,40,2.985762250874969,STREET
287040734,287040698,José Albino Gutiérrez,116.90042630671887,40,2.9225106576679716,STREET
287040734,676748182,Chile,123.53668050714938,40,3.0884170126787347,STREET
287040821,5364451013,Gral. Gerónimo Espejo,119.17836942490287,40,2.9794592356225715,STREET
287040821,1840278959,España,119.3351747433033,40,2.9833793685825825,STREET
287042850,287048117,Avenida General San Martín,113.43764059564323,40,2.835941014891081,STREET
287042850,286045221,Avenida General San Martín,129.09109564579458,40,3.2272773911448644,STREET
287042850,437562116,José Francisco de Amigorena,140.39390796635467,40,3.509847699158867,STREET
287042851,287042850,Bernardino Rivadavia,127.31459945145366,40,3.1828649862863414,STREET
287042851,1840279039,9 de Julio,112.60615324002136,40,2.8151538310005337,STREET
287042852,287042851,Bernardino Rivadavia,117.78144875958537,40,2.9445362189896342,STREET
287042852,287040821,España,250.8689006871422,40,6.271722517178555,STREET
287042859,287048125,25 de Mayo,120.35104794138164,40,3.008776198534541,STREET
287042859,12990936866,Bernardino Rivadavia,121.13712873220895,40,3.0284282183052236,STREET
287042860,676748154,Perú,127.61443046868428,40,3.190360761717107,STREET
287042860,287042859,Bernardino Rivadavia,120.80566884977682,40,3.0201417212444204,STREET
287042870,676748182,Mariano Necochea,117.15896034960764,40,2.928974008740191,STREET
287042870,287040698,Avenida Bartolomé Mitre,122.6537789406112,40,3.0663444735152803,STREET
287044657,287044661,Avenida Juan Gregorio Las Heras,120.73083722320452,40,3.0182709305801128,STREET
287044657,287058046,Chile,125.20221941881756,40,3.130055485470439,STREET
287044657,286045446,Avenida Juan Gregorio Las Heras,116.5569569459629,40,2.9139239236490724,STREET
287044661,287044657,Avenida Juan Gregorio Las Heras,120.73083722320452,40,3.0182709305801128,STREET
287044661,5364445249,25 de Mayo,122.84614623523699,40,3.0711536558809245,STREET
287044661,287044665,Avenida Juan Gregorio Las Heras,121.97439155995333,40,3.0493597889988333,STREET
287044665,287058036,Perú,125.74949433775436,40,3.143737358443859,STREET
287044665,287044661,Avenida Juan Gregorio Las Heras,121.97439155995333,40,3.0493597889988333,STREET
287044665,437558126,Avenida Juan Gregorio Las Heras,123.18551516359476,40,3.079637879089869,STREET
287048117,1840279039,Montevideo,127.04983756366772,40,3.176245939091693,STREET
287048117,287042850,Avenida General San Martín,113.43764059564323,40,2.835941014891081,STREET
287048117,287055420,Avenida General San Martín,122.47587120169123,40,3.061896780042281,STREET
287048125,10936722273,Montevideo,119.42760564095971,40,2.985690141023993,STREET
287048125,676748143,25 de Mayo,120.10755591849188,40,3.002688897962297,STREET
287048129,12990936866,Chile,119.21890229545438,40,2.9804725573863595,STREET
287048129,287048125,Montevideo,121.99909246520329,40,3.0499773116300823,STREET
287048132,676748165,Avenida Bartolomé Mitre,120.1472609048044,40,3.00368152262011,STREET
287048132,287048129,Montevideo,116.67963405715804,40,2.916990851428951,STREET
287055420,10815785964,Avenida General San Martín,44.596227963502464,40,1.1149056990875617,STREET
287055420,287048117,Avenida General San Martín,122.47587120169123,40,3.061896780042281,STREET
287055424,676748165,San Lorenzo,116.54007896354209,20,5.827003948177104,STREET
287055424,287048129,Chile,120.25319959016998,40,3.0063299897542497,STREET
287055428,676748105,Patricias Mendocinas,127.19569197987126,40,3.1798922994967813,STREET
287055428,287055431,San Lorenzo,120.57423245436564,40,3.014355811359141,STREET
287055431,1840279043,San Lorenzo,120.21554316424591,40,3.005388579106148,STREET
287055431,1840279037,España,122.13769408694742,40,3.0534423521736853,STREET
287055435,1999074971,Perú,156.32955910088626,40,3.9082389775221564,STREET
287055435,10832293235,Avenida Pedro Molina,122.64844291375788,40,3.066211072843947,STREET
287055445,676748143,San Lorenzo,118.22497068299366,20,5.911248534149683,STREET
287055445,10936722273,Perú,119.30000742460635,40,2.9825001856151587,STREET
287055449,1999074973,25 de Mayo,144.78487218263382,40,3.6196218045658455,STREET
287055449,676748101,Avenida Colón,120.39767565206843,60,2.0066279275344736,STREET
287055452,287055424,Chile,126.87193971538132,40,3.171798492884533,STREET
287055452,1086062889,Avenida Colón,33.53872115308282,60,0.5589786858847137,STREET
287055453,287055452,Avenida Colón,117.93951200457539,60,1.96565853340959,STREET
287055453,4564587981,Avenida Bartolomé Mitre,254.98568432318208,40,6.374642108079552,STREET
287055456,1934097787,Avenida Pedro Molina,56.12111317052466,40,1.4030278292631164,STREET
287055456,1840279046,9 de Julio,18.217859542165414,40,0.45544648855413533,STREET
287055464,1934097767,9 de Julio,29.856019877232754,40,0.7464004969308189,STREET
287055464,1934097746,Avenida Colón,84.78838129493789,60,1.4131396882489649,STREET
287055465,676748105,Avenida Colón,122.95558158500148,60,2.049259693083358,STREET
287055465,287055431,España,127.53794770525172,40,3.188448692631293,STREET
287057996,12161223129,Avenida General San Martín,52.80548255690026,40,1.3201370639225065,STREET
287057996,1840278949,Avenida Tomás Godoy Cruz,124.86892429598937,40,3.1217231073997342,STREET
287057996,1091515675,Avenida General San Martín,68.40371211571298,40,1.7100928028928244,STREET
287058001,12084666598,Avenida Tomás Godoy Cruz,125.82597242096885,40,3.145649310524221,STREET
287058001,480124273,Perú,138.41346719991714,40,3.4603366799979285,STREET
287058001,287058036,Perú,123.6052329080946,40,3.090130822702365,STREET
287058001,1941520037,Avenida Godoy Cruz,97.5984718407979,40,2.4399617960199476,STREET
287058011,480890268,Chile,152.36947218848886,40,3.8092368047122216,STREET
287058011,287058015,Avenida Tomás Godoy Cruz,123.60285145256924,40,3.090071286314231,STREET
287058011,12084666598,Avenida Tomás Godoy Cruz,120.26819506608658,40,3.0067048766521642,STREET
287058015,480890265,Avenida Bartolomé Mitre,162.81222702261022,40,4.070305675565256,STREET
287058015,287058011,Avenida Tomás Godoy Cruz,123.60285145256924,40,3.090071286314231,STREET
287058015,287058030,Avenida Tomás Godoy Cruz,122.6994048684677,40,3.0674851217116923,STREET
287058015,287058051,Avenida Bartolomé Mitre,125.34042599342678,40,3.1335106498356695,STREET
287058020,1840278949,Avenida Tomás Godoy Cruz,120.9430180195477,40,3.0235754504886923,STREET
287058020,286045369,España,186.62367080651512,40,4.665591770162878,STREET
287058020,287058030,Avenida Tomás Godoy Cruz,117.54066158082264,40,2.938516539520566,STREET
287058030,287058020,Avenida Tomás Godoy Cruz,117.54066158082264,40,2.938516539520566,STREET
287058030,287058057,Patricias Mendocinas,123.73098927574179,40,3.093274731893545,STREET
287058030,287058015,Avenida Tomás Godoy Cruz,122.6994048684677,40,3.0674851217116923,STREET
287058036,287058041,Gral. José María Paz,124.0473067983682,40,3.101182669959205,STREET
287058036,287044665,Perú,125.74949433775436,40,3.143737358443859,STREET
287058036,287058001,Perú,123.6052329080946,40,3.090130822702365,STREET
287058041,287058046,Gral. José María Paz,121.26491769807895,40,3.031622942451974,STREET
287058041,287044661,25 de Mayo,124.9254676540899,40,3.1231366913522476,STREET
287058046,287058011,Chile,123.29765095234752,40,3.082441273808688,STREET
287058046,287058051,Gral. José María Paz,116.20447181230443,40,2.9051117953076107,STREET
287058051,286045446,Avenida Bartolomé Mitre,126.6034721665857,40,3.1650868041646425,STREET
287058051,1086062933,Gral. José María Paz,13.04538627144212,40,0.32613465678605297,STREET
287058057,287058063,Gral. José María Paz,117.5554629041678,40,2.938886572604195,STREET
287058057,287040660,Patricias Mendocinas,126.76716806678648,40,3.169179201669662,STREET
287058063,1840278950,Gral. José María Paz,119.78320220928568,40,2.994580055232142,STREET
287058063,287058020,España,125.1853537696137,40,3.1296338442403426,STREET
437558117,437558119,Manuel Belgrano,119.24963468527388,40,2.981240867131847,STREET
437558117,1086742611,Martín Zapata,24.031398136265246,40,0.6007849534066312,STREET
437558119,437558120,Manuel Belgrano,127.10511180373173,40,3.177627795093293,STREET
437558119,287042860,Bernardino Rivadavia,123.32029521590373,40,3.0830073803975933,STREET
437558120,676748154,Sarmiento,122.7400762174311,40,3.0685019054357774,STREET
437558120,437558121,Manuel Belgrano,123.37030369337552,40,3.084257592334388,STREET
437558120,1086742689,Avenida Emilio Civit,21.827521018751877,40,0.5456880254687969,STREET
437558121,437558123,Manuel Belgrano,120.86263475363259,40,3.0215658688408147,STREET
437558121,1086742602,Agustín Álvarez,20.927681890499425,40,0.5231920472624856,STREET
437558123,10936722274,José Albino Gutiérrez,124.15775343516343,40,3.1039438358790856,STREET
437558123,437558124,Manuel Belgrano,120.52118148109116,40,3.013029537027279,STREET
437558124,437558126,Manuel Belgrano,125.14752043404845,40,3.128688010851211,STREET
437558124,1086742734,Julio Leónidas Aguirre,20.539330902064915,40,0.5134832725516228,STREET
437558126,623948419,"['Avenida Juan Bautista Justo', 'Avenida Juan Gregorio Las Heras']",19.715217854959906,40,0.49288044637399764,STREET
437558126,287044665,Avenida Juan Gregorio Las Heras,123.18551516359476,40,3.079637879089869,STREET
437558469,480890160,Avenida Juan Bautista Justo,107.43581607654667,40,2.6858954019136667,STREET
437558469,676748133,Tiburcio Benegas,128.84177194356946,50,2.576835438871389,STREET
437558469,1941488110,Avenida Juan Bautista Justo,133.9116168384128,40,3.34779042096032,STREET
437558471,1941488110,"['Francisco Julio Moyano', 'Joaquín Víctor González']",277.3236360631234,40,6.933090901578085,STREET
437558471,437558469,Tiburcio Benegas,126.31848518075458,50,2.5263697036150914,STREET
437560037,480890262,Patricias Mendocinas,123.95373753115491,40,3.0988434382788728,STREET
437560039,437560037,Eusebio Blanco,116.88844455271173,40,2.9222111138177933,STREET
437560041,480124271,Avenida General San Martín,120.16046897383414,40,3.0040117243458537,STREET
437560041,480890288,Eusebio Blanco,124.08705483618573,40,3.102176370904643,STREET
437560041,437560082,Avenida General San Martín,28.842804768317393,40,0.7210701192079348,STREET
437560082,437560041,Avenida General San Martín,28.842804768317393,40,0.7210701192079348,STREET
437562112,437562115,San Juan,135.88697557587327,40,3.397174389396832,STREET
437562112,1091465821,José Garibaldi,135.33972793286745,40,3.3834931983216863,STREET
437562113,437562112,José Garibaldi,112.02526579127625,40,2.800631644781906,STREET
437562115,1091465850,San Juan,126.67314497764993,40,3.1668286244412482,STREET
437562115,676748185,Catamarca,193.24275373526967,40,4.8310688433817415,STREET
437562116,437562113,Primitivo de la Reta,135.6174660568054,40,3.390436651420135,STREET
437562116,1091605024,Primitivo de la Reta,106.30498390841824,40,2.657624597710456,STREET
480124225,480890145,Avenida Roque Sáenz Peña,74.36777897272755,40,1.8591944743181887,STREET
480124225,437558471,Tiburcio Benegas,124.7949604089599,50,2.495899208179198,STREET
480124271,1091515675,Avenida General San Martín,143.6383735997337,40,3.5909593399933426,STREET
480124271,437560041,Avenida General San Martín,120.16046897383414,40,3.0040117243458537,STREET
480124271,1132334501,Corrientes,181.88197391847513,40,4.547049347961878,STREET
480124273,480890271,Lorenzo Barcala,126.0658685170546,40,3.151646712926365,STREET
480124273,287058001,Perú,138.41346719991714,40,3.4603366799979285,STREET
480124277,1091465865,Buenos Aires,120.04475433687792,40,3.0011188584219477,STREET
480124277,1091515638,Salta,174.66727419903353,40,4.366681854975838,STREET
480890109,480890141,Joaquín Víctor González,163.53091717000893,40,4.088272929250223,STREET
480890109,480890127,Juan Martínez de Rozas,172.4245181898012,50,3.448490363796024,STREET
480890111,480890109,Juan Martínez de Rozas,125.88888073229705,50,2.517777614645941,STREET
480890111,480890145,Avenida Roque Sáenz Peña,163.73571111192095,40,4.093392777798024,STREET
480890127,3154322566,Juan Martínez de Rozas,157.04229607543076,50,3.1408459215086153,STREET
480890127,480890160,Avenida Juan Bautista Justo,167.06177406861875,40,4.176544351715469,STREET
480890141,480890145,Manuel Olascoaga,125.62557143566349,40,3.140639285891587,STREET
480890141,437558471,Joaquín Víctor González,83.81613757088088,40,2.095403439272022,STREET
480890145,480890111,Avenida Roque Sáenz Peña,163.73571111192095,40,4.093392777798024,STREET
480890145,480124225,Avenida Roque Sáenz Peña,74.36777897272755,40,1.8591944743181887,STREET
480890149,1184301737,Nicolás Avellaneda,114.94633868897056,40,2.873658467224264,STREET
480890149,1167453332,Manuel Olascoaga,85.66440929437147,40,2.1416102323592865,STREET
480890151,1184301735,Julio Argentino Roca,117.07963036171492,40,2.926990759042873,STREET
480890151,480890153,Manuel Olascoaga,127.36098176725268,40,3.184024544181317,STREET
480890153,676748131,Manuel Olascoaga,122.91618532024681,40,3.0729046330061704,STREET
480890153,1184301729,Avenida Emilio Civit,115.8391886846195,40,2.8959797171154875,STREET
480890160,437558469,Avenida Juan Bautista Justo,107.43581607654667,40,2.6858954019136667,STREET
480890160,480890141,Manuel Olascoaga,142.7489658823034,40,3.568724147057585,STREET
480890160,480890127,Avenida Juan Bautista Justo,167.06177406861875,40,4.176544351715469,STREET
480890258,1840278949,9 de Julio,198.67400528384368,40,4.966850132096092,STREET
480890258,480124271,Lorenzo Barcala,125.36888066300169,40,3.134222016575042,STREET
480890262,286045369,Lorenzo Barcala,118.27499435239052,40,2.956874858809763,STREET
480890262,287058030,Patricias Mendocinas,175.52189640374908,40,4.388047410093727,STREET
480890265,480890262,Lorenzo Barcala,124.37206195653216,40,3.109301548913304,STREET
480890265,287058015,Avenida Bartolomé Mitre,162.81222702261022,40,4.070305675565256,STREET
480890268,480890265,Lorenzo Barcala,121.52544419271824,40,3.038136104817956,STREET
480890271,480890268,Lorenzo Barcala,122.06735697788763,40,3.0516839244471905,STREET
480890271,12084666598,25 de Mayo,146.4546496075979,40,3.6613662401899476,STREET
480890288,2964722365,Eusebio Blanco,71.64452661572517,40,1.7911131653931291,STREET
480890288,480890258,9 de Julio,120.76753088627461,40,3.0191882721568652,STREET
623931827,1934081671,España,116.8897271830362,40,2.922243179575905,STREET
623931828,1086123047,Virgen del Carmen de Cuyo,146.99084238825958,40,3.6747710597064893,STREET
623931837,623948392,,7.312453804390828,40,0.1828113451097707,STREET
623936685,1132334501,Rioja,145.11454978624664,40,3.627863744656166,STREET
623936685,437560082,Justo José de Urquiza,156.80261492909622,40,3.9200653732274056,STREET
623948377,1184298161,Tiburcio Benegas,36.83379133539375,50,0.736675826707875,STREET
623948377,1184298180,Tiburcio Benegas,32.10596391640883,50,0.6421192783281766,STREET
623948380,1184301734,Agustín Álvarez,124.31463543171047,40,3.1078658857927617,STREET
623948380,10936722266,Tiburcio Benegas,123.88382364045638,50,2.4776764728091276,STREET
623948381,1086742680,Nicolás Avellaneda,165.75331828289967,40,4.143832957072492,STREET
623948381,623948380,Tiburcio Benegas,120.43858687580955,50,2.408771737516191,STREET
623948392,1086780145,Manuel Belgrano Oeste,242.557706229265,40,6.0639426557316245,STREET
623948392,1085596779,,38.248423674465045,40,0.9562105918616262,STREET
623948419,1086742734,Manuel Belgrano,125.52973657846168,40,3.138243414461542,STREET
623948419,437558126,"['Avenida Juan Gregorio Las Heras', 'Avenida Juan Bautista Justo']",19.71521785495991,40,0.49288044637399775,STREET
623948419,1941488110,Avenida Juan Bautista Justo,143.60003573597234,40,3.5900008933993086,STREET
676748101,287055445,Perú,128.02306500572448,40,3.200576625143112,STREET
676748101,1866455049,Avenida Colón,123.81651814176595,60,2.063608635696099,STREET
676748105,286054443,Patricias Mendocinas,232.65742376028186,40,5.8164355940070465,STREET
676748105,1086062975,Avenida Colón,119.61145348511313,60,1.9935242247518856,STREET
676748107,10815785964,Avenida General San Martín,82.93532739067126,40,2.0733831847667816,STREET
676748107,1854274227,Avenida General San Martín,85.50973408432755,40,2.1377433521081888,STREET
676748107,287055464,Avenida Colón,126.44931782728044,60,2.107488630454674,STREET
676748125,480890151,Manuel Olascoaga,119.27900899525783,40,2.9819752248814457,STREET
676748131,676748132,Agustín Álvarez,162.88039446906984,40,4.072009861726746,STREET
676748131,480890149,Manuel Olascoaga,117.98635563733116,40,2.949658890933279,STREET
676748133,1941488164,Tiburcio Benegas,57.70603273153848,50,1.1541206546307696,STREET
676748133,1167453332,Julio Leónidas Aguirre,163.4918773247546,40,4.087296933118865,STREET
676748143,287055424,San Lorenzo,123.01620437120006,20,6.150810218560003,STREET
676748143,287055449,25 de Mayo,127.40173997374265,40,3.1850434993435663,STREET
676748153,287042859,25 de Mayo,127.00254639561555,40,3.1750636598903887,STREET
676748153,676748154,Sarmiento,122.68265452534013,40,3.0670663631335033,STREET
676748153,5364451009,Sarmiento,119.4111152412674,40,2.985277881031685,STREET
676748154,676748153,Sarmiento,122.68265452534013,40,3.0670663631335033,STREET
676748154,437558120,Sarmiento,122.7400762174311,40,3.0685019054357774,STREET
676748154,676748156,Perú,122.9298935484183,40,3.0732473387104577,STREET
676748155,676748156,Gral. Gerónimo Espejo,122.47420558183691,40,3.061855139545923,STREET
676748155,676748153,25 de Mayo,120.56015906165581,40,3.014003976541395,STREET
676748156,437558121,Gral. Gerónimo Espejo,123.54749422479121,40,3.08868735561978,STREET
676748156,10936722274,Perú,119.24397191776104,40,2.9810992979440263,STREET
676748161,287055428,Patricias Mendocinas,121.29246276848352,40,3.032311569212088,STREET
676748161,1086062935,Montevideo,118.08865229480215,40,2.952216307370054,STREET
676748165,1086062891,San Lorenzo,12.542596993193577,40,0.31356492482983944,STREET
676748165,287055453,Avenida Bartolomé Mitre,126.67011737519337,40,3.166752934379834,STREET
676748167,287040821,Gral. Gerónimo Espejo,118.26273531103486,40,2.9565683827758713,STREET
676748167,287042851,9 de Julio,252.84256411327675,40,6.321064102831919,STREET
676748171,676748155,Gral. Gerónimo Espejo,119.40881620351198,40,2.9852204050877993,STREET
676748171,287040734,Chile,121.33243056919048,40,3.033310764229762,STREET
676748182,287044657,Chile,123.84160918693756,40,3.096040229673439,STREET
676748182,5364445249,Mariano Necochea,119.5718767707028,40,2.98929691926757,STREET
676748185,676748167,Gral. Gerónimo Espejo,127.46434649381598,40,3.1866086623453995,STREET
676748185,286045221,Avenida General San Martín,124.59751150741414,40,3.1149377876853537,STREET
676748185,287040724,Avenida General San Martín,119.43049003499875,40,2.985762250874969,STREET
676748186,286045064,Avenida General San Martín,123.0843151184562,40,3.077107877961405,STREET
676748186,676748187,Mariano Necochea,126.14168573367392,40,3.153542143341848,STREET
676748186,287040724,Avenida General San Martín,123.80758106530878,40,3.0951895266327196,STREET
676748187,287040684,Mariano Necochea,119.74396538042767,40,2.9935991345106916,STREET
676748187,1840278966,9 de Julio,123.41193859091578,40,3.0852984647728947,STREET
890729096,1091605150,Leandro Nicéforo Alem,41.14369879390103,40,1.0285924698475257,STREET
890729096,1091605037,Rioja,138.90361071829935,40,3.4725902679574836,STREET
890729096,1091605087,Leandro Nicéforo Alem,141.92879682382534,40,3.5482199205956335,STREET
890729132,890729140,Rioja,125.07326652954481,40,3.12683166323862,STREET
890729132,1091605008,José Vicente Zapata,123.73826340875242,40,3.0934565852188105,STREET
890729132,286994609,José Vicente Zapata,166.12088840218286,40,4.153022210054571,STREET
890729140,1091672889,Rioja,103.31375835363481,40,2.5828439588408703,STREET
890729140,1091672883,José Rondeau,168.67196435898893,40,4.216799108974723,STREET
1085596779,1085711129,,8.974890617466873,40,0.22437226543667182,STREET
1085596799,1085596779,Manuel Belgrano,185.66941725882083,40,4.64173543147052,STREET
1085711099,287055435,Perú,19.171571261761063,40,0.47928928154402656,STREET
1085711099,1085711152,Avenida Pedro Molina,116.4014171432069,40,2.9100354285801724,STREET
1085711129,1085711099,Avenida Pedro Molina,125.21695615825504,40,3.130423903956376,STREET
1085711129,10832293235,,31.472770312006535,40,0.7868192578001634,STREET
1085711147,286045370,España,20.4237951921238,40,0.510594879803095,STREET
1085711147,1840279046,Avenida Pedro Molina,116.81758504310822,40,2.9204396260777057,STREET
1085711152,1086123057,Avenida Pedro Molina,67.65242983636689,40,1.6913107459091723,STREET
1085711157,1085711147,Avenida Pedro Molina,129.26488604371957,40,3.2316221510929894,STREET
1085711157,1937184195,Patricias Mendocinas,71.6476826042581,40,1.7911920651064523,STREET
1085998390,287055456,Avenida Pedro Molina,126.65302937842284,40,3.166325734460571,STREET
1085998390,7598054805,Avenida General San Martín,3.487367117279601,40,0.08718417793199003,STREET
1085998390,1854274227,Avenida General San Martín,82.56100094571939,40,2.0640250236429845,STREET
1086014015,1706323063,Virgen del Carmen de Cuyo,95.59122299374647,40,2.3897805748436616,STREET
1086014015,623931828,La Pampa,56.12006886746349,40,1.403001721686587,STREET
1086014021,1086014015,La Pampa,31.412874252636854,40,0.7853218563159213,STREET
1086062886,1086062933,Avenida Bartolomé Mitre,126.69045143365061,40,3.167261285841265,STREET
1086062886,287040660,Avenida Juan Gregorio Las Heras,118.39602221413386,40,2.9599005553533466,STREET
1086062886,286045446,Avenida Juan Gregorio Las Heras,11.896074726094739,40,0.29740186815236846,STREET
1086062889,287055449,Avenida Colón,85.986639359803,60,1.4331106559967166,STREET
1086062891,287055428,San Lorenzo,118.19505677828124,40,2.954876419457031,STREET
1086062891,1086062935,Avenida Bartolomé Mitre,120.04556558353086,40,3.0011391395882714,STREET
1086062933,287058015,Avenida Bartolomé Mitre,125.066175988598,40,3.1266543997149503,STREET
1086062933,287058057,Gral. José María Paz,117.42414758453462,40,2.9356036896133655,STREET
1086062935,287048132,Montevideo,13.648014918680651,40,0.3412003729670163,STREET
1086062935,12990936873,Avenida Bartolomé Mitre,119.08275871876026,40,2.9770689679690063,STREET
1086062938,286054350,Avenida Pedro Molina,96.34767138432844,40,2.408691784608211,STREET
1086062938,4100622602,Callejón Lemos,144.01321983821947,40,3.600330495955487,STREET
1086062975,287055453,Avenida Colón,11.219068029150954,60,0.1869844671525159,STREET
1086062975,1086062891,Avenida Bartolomé Mitre,126.61607678218486,40,3.1654019195546215,STREET
1086062984,1086062886,Avenida Bartolomé Mitre,124.77525302999743,40,3.1193813257499357,STREET
1086062984,287042870,Mariano Necochea,11.936012780862399,40,0.29840031952156,STREET
1086062987,287040708,José Albino Gutiérrez,118.28024128747252,40,2.957006032186813,STREET
1086062987,1086062984,Avenida Bartolomé Mitre,122.64115169419152,40,3.066028792354788,STREET
1086123036,1937184213,Virgen del Carmen de Cuyo,74.90032463130146,40,1.8725081157825365,STREET
1086123039,1088158209,Agustín Delgado,70.56695548610142,40,1.7641738871525354,STREET
1086123039,9708892968,Sobremonte,93.66641743569089,40,2.341660435892272,STREET
1086123047,1086205256,Perú,65.63997145866631,40,1.6409992864666578,STREET
1086123047,1086205301,Virgen del Carmen de Cuyo,92.36229452443916,40,2.309057363110979,STREET
1086123057,1086014021,La Pampa,115.37277798390416,40,2.884319449597604,STREET
1086123057,1085711157,Avenida Pedro Molina,310.7788808802837,40,7.769472022007092,STREET
1086205256,1085711099,Perú,147.6087864409828,40,3.69021966102457,STREET
1086205298,1706323063,Virgen del Carmen de Cuyo,53.04255738347762,40,1.3260639345869405,STREET
1086205298,623931828,Virgen del Carmen de Cuyo,31.578109379797635,40,0.7894527344949409,STREET
1086205301,1085596799,Virgen del Carmen de Cuyo,51.245653323216494,40,1.2811413330804124,STREET
1086205301,1086205256,Vuelta de Obligado,95.92377595609074,40,2.3980943989022685,STREET
1086265189,1086780145,Gregorio de Lamadrid,138.28652907182624,40,3.457163226795656,STREET
1086265189,1088158206,Cnel. Juan Esteban Rodríguez,173.73270851898255,40,4.343317712974564,STREET
1086742602,623948380,Agustín Álvarez,140.20855968902507,40,3.5052139922256265,STREET
1086742602,1086742689,Manuel Belgrano,123.48671654832494,40,3.0871679137081234,STREET
1086742611,1086742636,Manuel Belgrano,119.20801606663007,40,2.9802004016657517,STREET
1086742611,1184298177,Martín Zapata,92.20045620591145,40,2.3050114051477864,STREET
1086742614,10936722267,Rafael de Sobremonte,150.24201235797779,40,3.756050308949445,STREET
1086742614,623931837,,28.615497787343003,40,0.7153874446835751,STREET
1086742616,437558119,Bernardino Rivadavia,22.06477974500966,40,0.5516194936252414,STREET
1086742616,1184298174,Manuel Belgrano,44.07175032982936,40,1.101793758245734,STREET
1086742625,1184298165,Arístides Villanueva,14.018056746490277,40,0.35045141866225693,STREET
1086742625,1086779950,Manuel Belgrano,44.29519901343765,40,1.1073799753359412,STREET
1086742636,2624642126,San Lorenzo,23.573516039343165,40,0.5893379009835791,STREET
1086742636,1086742625,Manuel Belgrano,128.4592232817028,40,3.21148058204257,STREET
1086742672,1086742614,,17.947586550415412,40,0.4486896637603853,STREET
1086742680,1086742602,Manuel Belgrano,120.56152539934618,40,3.0140381349836547,STREET
1086742680,437558123,Nicolás Avellaneda,19.7525934665748,40,0.49381483666437004,STREET
1086742689,2545210449,Avenida Emilio Civit,63.321303619187326,40,1.5830325904796831,STREET
1086742689,1184298178,Manuel Belgrano,82.08471008119488,40,2.052117752029872,STREET
1086742689,437558120,Avenida Emilio Civit,21.827521018751877,40,0.5456880254687969,STREET
1086742730,2969205903,Manuel Belgrano,79.63867391134536,40,1.9909668477836342,STREET
1086742730,1086742672,,30.98771074798669,40,0.7746927686996672,STREET
1086742734,12478914553,Julio Leónidas Aguirre,127.67160022039806,40,3.1917900055099517,STREET
1086742734,1086742680,Manuel Belgrano,120.34830244707545,40,3.0087075611768865,STREET
1086779787,1086779948,Cnel. Juan Esteban Rodríguez,36.33973169309313,40,0.9084932923273282,STREET
1086779787,1086780114,Cnel. Juan Esteban Rodríguez,85.02570058120901,40,2.125642514530225,STREET
1086779787,1086779950,Sgto. Juan Bautista Cabral,195.83932775860256,40,4.895983193965064,STREET
1086779861,1086780174,Agustín Delgado,144.86010786329618,40,3.6215026965824046,STREET
1086779887,1086779948,Cnel. Juan Esteban Rodríguez,125.44412723579141,40,3.1361031808947852,STREET
1086779916,1086780142,Manuel Olascoaga,122.62357509440088,40,3.065589377360022,STREET
1086779948,1086779916,Sgto. Juan Bautista Cabral,168.9762673221665,40,4.224406683054163,STREET
1086779948,1086779787,Cnel. Juan Esteban Rodríguez,36.33973169309313,40,0.9084932923273282,STREET
1086779950,1086779787,Sgto. Juan Bautista Cabral,195.83932775860256,40,4.895983193965064,STREET
1086779950,1086742672,Manuel Belgrano,276.4090869172751,40,6.910227172931878,STREET
1086780032,1086779916,Manuel Olascoaga,121.3532733192838,40,3.033831832982095,STREET
1086780114,1086780142,Arístides Villanueva,157.04216950897288,40,3.9260542377243217,STREET
1086780114,1091771956,Cnel. Juan Esteban Rodríguez,127.33444243211386,40,3.1833610608028464,STREET
1086780142,1115816185,Manuel Olascoaga,126.23684020915825,40,3.155921005228956,STREET
1086780174,1086265189,Gregorio de Lamadrid,74.98878131213428,40,1.874719532803357,STREET
1088158206,1088158209,Vicente Gil,87.34595616364831,40,2.183648904091208,STREET
1088158206,9708892968,Cnel. Juan Esteban Rodríguez,91.4063228326642,40,2.285158070816605,STREET
1088158209,1086779861,Agustín Delgado,34.36813957788948,40,0.859203489447237,STREET
1091465817,1091465823,Salta,134.45484904595338,40,3.3613712261488344,STREET
1091465821,1091465817,José Garibaldi,112.62952747974899,40,2.8157381869937246,STREET
1091465821,890729096,Rioja,207.2655578864314,40,5.181638947160785,STREET
1091465823,1091465845,Catamarca,116.90732375909913,40,2.9226830939774784,STREET
1091465823,1091465825,Salta,137.25134513298585,40,3.431283628324646,STREET
1091465825,480124277,Salta,122.43245264769025,40,3.0608113161922565,STREET
1091465839,1091465825,Juan Galo de Lavalle,118.46577144804105,40,2.961644286201026,STREET
1091465839,1091465845,Rioja,131.78698545095114,40,3.294674636273778,STREET
1091465845,1091465821,Rioja,137.18486804570855,40,3.4296217011427137,STREET
1091465845,437562115,Catamarca,133.61979810526182,40,3.3404949526315457,STREET
1091465850,1091465839,Juan Galo de Lavalle,130.87051366939878,40,3.2717628417349696,STREET
1091465850,1091465855,San Juan,121.95884549693169,40,3.048971137423292,STREET
1091465855,1091515649,San Juan,173.71097718841605,40,4.342774429710401,STREET
1091465855,676748186,Buenos Aires,156.61208200900947,40,3.915302050225237,STREET
1091465865,1091465839,Rioja,122.19433721668666,40,3.0548584304171666,STREET
1091465865,1091465855,Buenos Aires,128.02798562959907,40,3.200699640739977,STREET
1091515631,1091515640,San Luis,124.08657164117858,40,3.1021642910294647,STREET
1091515631,1091515641,San Juan,120.23680872205247,40,3.005920218051312,STREET
1091515638,1091515645,Salta,137.50732764171204,40,3.437683191042801,STREET
1091515640,1091515645,San Luis,124.42081429700218,40,3.1105203574250546,STREET
1091515640,1091515643,Rioja,139.5986052831209,40,3.489965132078022,STREET
1091515641,1091515675,Córdoba,82.32480710389066,40,2.0581201775972664,STREET
1091515643,1091515638,Entre Ríos,123.56644234638635,40,3.0891610586596587,STREET
1091515643,1091465865,Rioja,174.56232233676596,40,4.364058058419149,STREET
1091515645,1091515661,Salta,126.00529449055469,40,3.150132362263867,STREET
1091515646,1091515641,Córdoba,124.51096371395586,40,3.1127740928488965,STREET
1091515646,1091515640,Rioja,123.68004376038026,40,3.0920010940095066,STREET
1091515649,1091515631,San Juan,143.30799088335704,40,3.582699772083926,STREET
1091515649,1091515643,Entre Ríos,125.61847876361705,40,3.1404619690904263,STREET
1091515661,1091515646,Córdoba,125.98905457006835,40,3.1497263642517086,STREET
1091515661,480890191,Salta,136.35819610552778,40,3.4089549026381945,STREET
1091515675,480124271,Avenida General San Martín,143.6383735997337,40,3.5909593399933426,STREET
1091515675,287057996,Avenida General San Martín,68.40371211571298,40,1.7100928028928244,STREET
1091604998,1091605006,Salta,120.47611198866608,40,3.011902799716652,STREET
1091605003,1091605131,Ángel María Zuloaga,61.06230410316213,40,1.5265576025790533,STREET
1091605004,1091605003,Ángel María Zuloaga,58.97724519185514,40,1.4744311297963786,STREET
1091605004,1091605025,Callejón Pardo,32.78262743913688,40,0.819565685978422,STREET
1091605006,1091605150,Leandro Nicéforo Alem,76.30432027394349,40,1.9076080068485872,STREET
1091605006,1091465817,Salta,179.5274263016911,40,4.488185657542277,STREET
1091605008,1091605028,San Juan,62.456826582821456,40,1.5614206645705364,STREET
1091605008,1707555170,José Vicente Zapata,160.54702399880352,40,4.013675599970088,STREET
1091605008,890729132,José Vicente Zapata,123.73826340875242,40,3.0934565852188105,STREET
1091605024,437562116,Primitivo de la Reta,106.30498390841824,40,2.657624597710456,STREET
1091605024,1091605033,Primitivo de la Reta,11.904366212694221,40,0.29760915531735554,STREET
1091605025,1091605147,Salta,55.69294811588431,40,1.3923237028971078,STREET
1091605026,1091605056,San Juan,38.68053023134356,40,0.967013255783589,STREET
1091605028,1091605026,San Juan,74.35894392688992,40,1.858973598172248,STREET
1091605033,1091605073,Primitivo de la Reta,130.643264550616,40,3.2660816137654,STREET
1091605033,287048117,Leandro Nicéforo Alem,168.22117166698467,40,4.205529291674617,STREET
1091605037,1091605131,Don Bosco,85.20293361891932,40,2.130073340472983,STREET
1091605037,1091605057,Rioja,114.34529650385767,40,2.8586324125964415,STREET
1091605056,1091605037,Don Bosco,127.65470396400384,40,3.1913675991000963,STREET
1091605056,1091605087,San Juan,106.83268978162992,40,2.670817244540748,STREET
1091605057,1707873812,Callejón Pardo,77.77142473780597,40,1.9442856184451494,STREET
1091605057,1707873815,Callejón Pardo,50.06165868687034,40,1.2515414671717584,STREET
1091605057,890729132,Rioja,65.7487408944655,40,1.6437185223616375,STREET
1091605073,1091605026,Don Bosco,87.35075400043948,40,2.183768850010987,STREET
1091605087,1091605024,Leandro Nicéforo Alem,79.81870383152487,40,1.9954675957881218,STREET
1091605087,890729096,Leandro Nicéforo Alem,141.92879682382534,40,3.5482199205956335,STREET
1091605087,437562112,San Juan,228.7018622051798,40,5.717546555129495,STREET
1091605091,1091605150,Ángel María Zuloaga,91.63114249241907,40,2.290778562310477,STREET
1091605091,1091604998,Vicente López y Planes,60.96949256720802,40,1.5242373141802006,STREET
1091605131,1091605091,Ángel María Zuloaga,63.73905550953525,40,1.5934763877383813,STREET
1091605147,1091605003,Don Bosco,41.85576789090116,40,1.046394197272529,STREET
1091605147,1091604998,Salta,119.50599496243059,40,2.987649874060765,STREET
1091605150,890729096,Leandro Nicéforo Alem,41.14369879390103,40,1.0285924698475257,STREET
1091605150,1091605006,Leandro Nicéforo Alem,76.30432027394349,40,1.9076080068485872,STREET
1091672883,286994609,Salta,123.96245615947286,40,3.0990614039868216,STREET
1091672883,1091672903,José Rondeau,77.68721435231514,40,1.9421803588078785,STREET
1091672889,1707555167,República de Siria,156.22921384897083,40,3.9057303462242707,STREET
1091672903,10832293202,Pedro Bonifacio Palacios,46.23651190149133,40,1.1559127975372834,STREET
1091672905,890729140,José Rondeau,133.6360264114,40,3.340900660285,STREET
1091672905,1091605008,San Juan,125.81359711685597,40,3.145339927921399,STREET
1091672912,1091672926,República de Siria,85.84167350920634,40,2.1460418377301584,STREET
1091672912,1091672883,Salta,98.8055821330679,40,2.4701395533266974,STREET
1091672926,1091672889,República de Siria,82.96508833929546,40,2.0741272084823867,STREET
1091771956,1184298176,Rufino Ortega,141.60541313338504,40,3.540135328334626,STREET
1091771956,1091771958,Cnel. Juan Esteban Rodríguez,120.0356032312072,40,3.00089008078018,STREET
1091771958,1184301730,Martín Zapata,62.13355860747331,40,1.5533389651868328,STREET
1115816185,1091771956,Rufino Ortega,158.5475223586671,40,3.963688058966677,STREET
1115816185,1115816191,Manuel Olascoaga,54.84158552306458,40,1.3710396380766146,STREET
1115816191,6050188141,,50.06394313946218,40,1.2515985784865546,STREET
1115816191,676748125,Manuel Olascoaga,69.66087071187249,40,1.7415217677968122,STREET
1132334501,1091515646,Rioja,138.61365687136177,40,3.465341421784044,STREET
1132334501,480890191,Corrientes,127.29806933333684,40,3.182451733333421,STREET
1167453332,480890160,Manuel Olascoaga,142.45120233081886,40,3.5612800582704716,STREET
1167453332,3154322566,Julio Leónidas Aguirre,168.2002162208222,40,4.205005405520555,STREET
1184298161,2545210457,Santiago de Liniers,53.42719178447978,40,1.3356797946119945,STREET
1184298161,623948377,Tiburcio Benegas,36.833791335393755,50,0.7366758267078751,STREET
1184298165,1086779950,Tiburcio Benegas,46.50861903694577,40,1.1627154759236442,STREET
1184298165,1086780114,Arístides Villanueva,185.91845766860285,40,4.647961441715071,STREET
1184298174,1184298180,Reconquista,106.87664308056796,40,2.671916077014199,STREET
1184298174,1086742611,Manuel Belgrano,75.17092830831288,40,1.879273207707822,STREET
1184298176,1086742636,Rufino Ortega,58.12743744932875,40,1.453185936233219,STREET
1184298176,1184298165,Tiburcio Benegas,135.38177209387382,50,2.7076354418774766,STREET
1184298177,1091771958,Martín Zapata,107.24455797503524,40,2.681113949375881,STREET
1184298177,1184298176,Tiburcio Benegas,123.83714017850268,50,2.4767428035700534,STREET
1184298178,1086742616,Manuel Belgrano,44.74255574328507,40,1.1185638935821267,STREET
1184298178,2545210457,Santiago de Liniers,63.193517376577894,40,1.5798379344144473,STREET
1184298180,1184298174,Reconquista,106.87664308056794,40,2.6719160770141985,STREET
1184298180,1184298177,Tiburcio Benegas,87.66922814005679,50,1.7533845628011357,STREET
1184301729,1184301735,Coronel Juan Esteban Rodríguez,127.47332978014965,40,3.1868332445037413,STREET
1184301729,480890153,Avenida Emilio Civit,115.83918868461947,40,2.8959797171154866,STREET
1184301729,10936722266,Avenida Emilio Civit,135.00708835592263,40,3.375177208898066,STREET
1184301730,676748125,Martín Zapata,117.29936437510797,40,2.9324841093776994,STREET
1184301734,1184301729,Coronel Juan Esteban Rodríguez,123.07498702471442,40,3.0768746756178604,STREET
1184301734,7176695789,Agustín Álvarez,72.3801580522959,40,1.8095039513073974,STREET
1184301735,623948377,Julio Argentino Roca,153.12203157154218,40,3.8280507892885547,STREET
1184301735,1184301730,Coronel Juan Esteban Rodríguez,118.98571677012829,40,2.974642919253207,STREET
1184301737,623948381,Nicolás Avellaneda,100.74698099710886,40,2.5186745249277216,STREET
1184301737,1184301734,Coronel Juan Esteban Rodríguez,117.23458548169744,40,2.930864637042436,STREET
1706323062,1086123036,Virgen del Carmen de Cuyo,16.687942299229466,40,0.41719855748073664,STREET
1706323062,1706323063,,345.4073951358992,40,8.63518487839748,STREET
1706323063,1706323062,,345.4073951358992,40,8.63518487839748,STREET
1706323063,1706323062,Virgen del Carmen de Cuyo,183.4307482179769,40,4.585768705449423,STREET
1706326546,4564587981,Avenida Pedro Molina,10.318066716403719,40,0.25795166791009294,STREET
1706326546,1086062975,Avenida Bartolomé Mitre,252.95434796370503,40,6.323858699092626,STREET
1706326564,623931827,Virgen del Carmen de Cuyo,32.00940793000215,40,0.8002351982500537,STREET
1706500169,1706500170,Virgen del Carmen de Cuyo,122.96574009922445,40,3.074143502480611,STREET
1706500169,7598054805,Avenida General San Martín,205.11031783461,40,5.12775794586525,STREET
1706500170,1706500169,Virgen del Carmen de Cuyo,122.96574009922445,40,3.074143502480611,STREET
1707555165,1707555168,Primitivo de la Reta,118.28377542224007,40,2.957094385556002,STREET
1707555167,1091672905,San Juan,96.04235452098403,40,2.401058863024601,STREET
1707555167,1091672889,República de Siria,156.22921384897083,40,3.9057303462242707,STREET
1707555168,1707555165,Primitivo de la Reta,118.28377542224007,40,2.957094385556002,STREET
1707555168,1091672905,José Rondeau,153.15190130209538,40,3.8287975325523846,STREET
1707555170,1707555168,Primitivo de la Reta,153.03367587920522,40,3.8258418969801307,STREET
1707555170,676748107,José Vicente Zapata,97.97812598085619,40,2.4494531495214047,STREET
1707563934,1091672912,Salta,60.52177115454513,40,1.5130442788636282,STREET
1707873807,1707873815,Pasaje Babilonia,74.5076800792125,40,1.8626920019803126,STREET
1707873810,1707873812,Rubén Lemos,50.638980102382135,40,1.2659745025595535,STREET
1707873812,1091605004,Callejón Pardo,44.8245607999597,40,1.1206140199989925,STREET
1707873812,1707873810,Rubén Lemos,50.638980102382135,40,1.2659745025595535,STREET
1707873815,1091605028,Callejón Pardo,72.73078597293355,40,1.8182696493233386,STREET
1707873815,1707873807,Pasaje Babilonia,74.5076800792125,40,1.8626920019803126,STREET
1728999931,1086062987,Avenida Bartolomé Mitre,120.64990637405982,40,3.0162476593514955,STREET
1728999931,5364451010,Gral. Gerónimo Espejo,11.05989941464152,40,0.276497485366038,STREET
1732486426,1091672903,Pedro Bonifacio Palacios,55.67849286301369,40,1.3919623215753423,STREET
1840278949,287057996,Avenida Tomás Godoy Cruz,124.86892429598936,40,3.121723107399734,STREET
1840278949,1840278950,9 de Julio,125.57215185623136,40,3.139303796405784,STREET
1840278949,287058020,Avenida Tomás Godoy Cruz,120.9430180195477,40,3.0235754504886923,STREET
1840278950,287040677,9 de Julio,125.00730002499908,40,3.125182500624977,STREET
1840278950,247486278,Gral. José María Paz,124.8753611453034,40,3.121884028632585,STREET
1840278959,287040684,España,122.89485592952506,40,3.0723713982381264,STREET
1840278959,1840278966,José Albino Gutiérrez,118.72409734155335,40,2.9681024335388337,STREET
1840278966,676748167,9 de Julio,117.99933000424952,40,2.949983250106238,STREET
1840278966,287040724,José Albino Gutiérrez,127.7561563291533,40,3.1939039082288323,STREET
1840279037,676748161,Montevideo,118.75963647331534,40,2.9689909118328837,STREET
1840279037,287042852,España,115.14899854816366,40,2.8787249637040917,STREET
1840279039,1840279043,9 de Julio,121.89098638013226,40,3.0472746595033064,STREET
1840279039,1840279037,Montevideo,120.02116559067346,40,3.0005291397668366,STREET
1840279043,287055420,San Lorenzo,126.19801415291954,40,3.1549503538229886,STREET
1840279043,287055464,9 de Julio,128.35035680689202,40,3.2087589201723006,STREET
1840279046,7598054805,Avenida Pedro Molina,133.68501088463714,40,3.3421252721159282,STREET
1840279046,1706500170,9 de Julio,167.73156612464678,40,4.19328915311617,STREET
1854274224,1854274227,Infanta Mercedes de San Martín,125.43495396393006,40,3.1358738490982514,STREET
1854274224,287055456,9 de Julio,105.97314283743911,40,2.6493285709359777,STREET
1854274227,676748107,Avenida General San Martín,85.50973408432755,40,2.1377433521081888,STREET
1854274227,1085998390,Avenida General San Martín,82.56100094571939,40,2.0640250236429845,STREET
1866455049,1086742625,Avenida Colón,23.457554646725114,40,0.5864388661681279,STREET
1866455049,2624642126,Manuel Belgrano,128.7588757638874,40,3.218971894097185,STREET
1934081671,1085711147,España,73.22079118171547,40,1.8305197795428867,STREET
1934081671,1937184196,,58.2751459417687,40,1.4568786485442176,STREET
1934097746,287055465,Avenida Colón,33.01539996262467,60,0.5502566660437445,STREET
1934097767,1854274224,9 de Julio,55.43319363105458,40,1.3858298407763645,STREET
1934097769,1934097767,Pasaje Lombardo,80.71421284369404,40,2.017855321092351,STREET
1934097769,1934097746,Pedro Vargas,49.120446498129034,40,1.228011162453226,STREET
1934097787,1934097769,Pedro Vargas,153.90145297169298,40,3.8475363242923244,STREET
1934097787,286045370,Avenida Pedro Molina,60.84168018890668,40,1.521042004722667,STREET
1937184195,1937184196,,72.78554293687485,40,1.8196385734218712,STREET
1937184195,1086123036,Patricias Mendocinas,117.3546140457682,40,2.933865351144205,STREET
1937184196,1937184195,,72.78554293687485,40,1.8196385734218712,STREET
1937184196,1937184202,,35.60820598366242,40,0.8902051495915606,STREET
1937184196,1934081671,,58.2751459417687,40,1.4568786485442176,STREET
1937184202,1937184207,,46.30293535102204,40,1.157573383775551,STREET
1937184202,1937184207,,77.55131016699595,40,1.9387827541748988,STREET
1937184202,1937184196,,35.60820598366242,40,0.8902051495915606,STREET
1937184207,1937184202,,46.30293535102204,40,1.157573383775551,STREET
1937184207,1937184202,,77.55131016699595,40,1.9387827541748988,STREET
1937184207,1937184213,,35.02471946327511,40,0.8756179865818778,STREET
1937184213,1706326564,Virgen del Carmen de Cuyo,18.817584120396855,40,0.4704396030099214,STREET
1937184213,1937184207,,35.02471946327511,40,0.8756179865818778,STREET
1941488110,1941488159,Francisco Julio Moyano,121.63208969755476,40,3.040802242438869,STREET
1941488110,623948419,Avenida Juan Bautista Justo,143.60003573597234,40,3.5900008933993086,STREET
1941488110,437558469,Avenida Juan Bautista Justo,133.9116168384128,40,3.34779042096032,STREET
1941488159,676748133,Julio Leónidas Aguirre,80.65883120779213,40,2.0164707801948034,STREET
1941488159,12478914529,Francisco Julio Moyano,10.062020536775925,40,0.25155051341939816,STREET
1941488164,623948381,Tiburcio Benegas,83.17864104253316,50,1.6635728208506633,STREET
1941488165,480890149,Nicolás Avellaneda,164.3932523579569,40,4.109831308948922,STREET
1941488165,676748132,Juan Martínez de Rozas,119.06476327286286,50,2.3812952654572572,STREET
1941520037,287058001,Avenida Godoy Cruz,97.5984718407979,40,2.4399617960199476,STREET
1941520037,7176662925,"['Avenida Roque Sáenz Peña', 'Avenida Godoy Cruz']",67.74291803007422,40,1.6935729507518555,STREET
1941520037,10936722262,Villalonga,124.3804700335725,40,3.1095117508393124,STREET
1999074971,1999074973,Infanta Mercedes de San Martín,117.92491951964237,40,2.9481229879910593,STREET
1999074971,676748101,Perú,153.19031508232553,40,3.829757877058138,STREET
1999074973,1999074971,Infanta Mercedes de San Martín,117.92491951964237,40,2.9481229879910593,STREET
1999074973,3780427121,25 de Mayo,71.95425877396387,40,1.7988564693490967,STREET
2545210449,10936722266,Avenida Emilio Civit,64.37229261887414,40,1.6093073154718536,STREET
2545210449,1086742689,Avenida Emilio Civit,63.321303619187326,40,1.5830325904796831,STREET
2545210457,2545210449,Estado de Israel,88.53505691077757,40,2.2133764227694392,STREET
2545210457,1184298178,Santiago de Liniers,63.19351737657789,40,1.579837934414447,STREET
2545210457,1184298161,Santiago de Liniers,53.42719178447979,40,1.3356797946119947,STREET
2624642126,437558117,Manuel Belgrano,118.78759246250672,40,2.969689811562668,STREET
2624642126,287055445,San Lorenzo,122.83038252670056,20,6.141519126335028,STREET
2964722365,437560039,Eusebio Blanco,51.8107662151416,40,1.29526915537854,STREET
2964722365,2964722366,Pasaje Villanueva,121.70875223406429,40,3.0427188058516075,STREET
2964722366,2964722365,Pasaje Villanueva,121.70875223406429,40,3.0427188058516075,STREET
2964722366,480890258,Lorenzo Barcala,66.99400553596851,40,1.6748501383992127,STREET
2969205881,2969205886,,9.176336321768547,40,0.22940840804421367,STREET
2969205882,1866455049,Manuel Belgrano,148.95019587778953,40,3.723754896944738,STREET
2969205882,2969205886,,59.79494662039238,40,1.4948736655098096,STREET
2969205886,2969205890,,10.735089752864564,40,0.2683772438216141,STREET
2969205886,2969205881,,9.176336321768547,40,0.22940840804421367,STREET
2969205886,2969205882,,59.79494662039238,40,1.4948736655098096,STREET
2969205890,2969205886,,10.735089752864564,40,0.2683772438216141,STREET
2969205903,2969205882,Manuel Belgrano,92.70075089090646,40,2.3175187722726616,STREET
2969205903,2969205910,Pasaje General Belgrano,75.86158798394062,40,1.8965396995985155,STREET
2969205910,2969205903,Pasaje General Belgrano,75.86158798394064,40,1.896539699598516,STREET
3154322566,1941488165,Juan Martínez de Rozas,41.37938736244758,50,0.8275877472489516,STREET
3780427121,286054350,25 de Mayo,74.22372306086123,40,1.8555930765215307,STREET
3780427121,3780427122,Ingeniero J. Giménez,74.18584621951008,40,1.854646155487752,STREET
3780427122,3780427121,Ingeniero J. Giménez,74.18584621951008,40,1.854646155487752,STREET
4100622602,4100622603,,61.825736999090594,40,1.5456434249772648,STREET
4100622602,1086062889,Callejón Lemos,134.25368960812497,40,3.356342240203124,STREET
4100622603,4100622602,,61.825736999090594,40,1.5456434249772648,STREET
4564587981,286068443,Avenida Pedro Molina,57.31086720982903,40,1.4327716802457258,STREET
5364445246,437558124,Mariano Necochea,123.722310930928,40,3.0930577732732,STREET
5364445246,287044665,Perú,124.80160263197817,40,3.1200400657994543,STREET
5364445248,287040734,José Albino Gutiérrez,117.91759829119512,40,2.947939957279878,STREET
5364445248,676748155,25 de Mayo,121.8977313032434,40,3.047443282581085,STREET
5364445249,5364445246,Mariano Necochea,121.69049415842348,40,3.042262353960587,STREET
5364445249,5364445248,25 de Mayo,123.9288106046402,40,3.098220265116005,STREET
5364451009,676748153,Sarmiento,119.4111152412674,40,2.985277881031685,STREET
5364451009,676748171,Chile,120.70363168188254,40,3.0175907920470637,STREET
5364451010,676748171,Gral. Gerónimo Espejo,117.25796260454636,40,2.931449065113659,STREET
5364451013,12990936872,Patricias Mendocinas,250.3380366987347,40,6.258450917468368,STREET
5364451013,1728999931,Gral. Gerónimo Espejo,119.69536134632943,40,2.9923840336582357,STREET
6050188141,1115816191,,50.06394313946218,40,1.2515985784865546,STREET
7176662925,1941520037,"['Avenida Roque Sáenz Peña', 'Avenida Godoy Cruz']",67.74291803007424,40,1.693572950751856,STREET
7176695789,676748131,Agustín Álvarez,44.758737754618274,40,1.1189684438654568,STREET
7176695789,7176695790,,54.32017039967654,40,1.3580042599919135,STREET
7176695790,7176695789,,54.32017039967654,40,1.3580042599919135,STREET
7598054805,1085998390,Avenida General San Martín,3.487367117279601,40,0.08718417793199003,STREET
7598054805,1706500169,Avenida General San Martín,205.11031783461,40,5.12775794586525,STREET
7598054805,1707555168,José Rondeau,102.3637433182507,40,2.5590935829562675,STREET
9708892968,623931837,Rafael de Sobremonte,151.3827506792415,40,3.7845687669810375,STREET
9708892968,10936722267,Cnel. Juan Esteban Rodríguez,4.848397816485514,40,0.12120994541213785,STREET
10815785964,287055420,Avenida General San Martín,44.596227963502464,40,1.1149056990875617,STREET
10815785964,676748107,Avenida General San Martín,82.93532739067126,40,2.0733831847667816,STREET
10815785964,1091605073,Don Bosco,174.88591164535958,40,4.372147791133989,STREET
10832293202,1707563934,,150.9806936979585,40,3.774517342448962,STREET
10832293235,1086742730,,8.132952528289037,40,0.20332381320722592,STREET
10936722262,1941520037,Villalonga,124.3804700335725,40,3.1095117508393124,STREET
10936722266,2545210449,Avenida Emilio Civit,64.37229261887414,40,1.6093073154718536,STREET
10936722266,1184298161,Tiburcio Benegas,92.00688734200843,50,1.8401377468401685,STREET
10936722266,1184301729,Avenida Emilio Civit,135.00708835592263,40,3.375177208898066,STREET
10936722267,1086779887,Cnel. Juan Esteban Rodríguez,116.8993194272658,40,2.9224829856816448,STREET
10936722273,437558117,Montevideo,121.85947739762756,40,3.046486934940689,STREET
10936722273,287042860,Perú,119.42554924190797,40,2.9856387310476995,STREET
10936722274,5364445248,José Albino Gutiérrez,123.91687592936646,40,3.097921898234161,STREET
10936722274,5364445246,Perú,122.55671834921183,40,3.063917958730296,STREET
12084666598,287058001,Avenida Tomás Godoy Cruz,125.82597242096885,40,3.145649310524221,STREET
12084666598,287058041,25 de Mayo,123.13977453877105,40,3.078494363469276,STREET
12084666598,287058011,Avenida Tomás Godoy Cruz,120.26819506608656,40,3.0067048766521642,STREET
12161223128,247486278,Avenida General San Martín,72.62724993372431,40,1.815681248343108,STREET
12161223128,286045064,Avenida General San Martín,52.266725945223534,40,1.3066681486305884,STREET
12161223128,1091515649,Entre Ríos,129.156571982825,40,3.228914299570625,STREET
12161223129,287057996,Avenida General San Martín,52.80548255690026,40,1.3201370639225065,STREET
12161223129,247486278,Avenida General San Martín,74.62003145911349,40,1.8655007864778372,STREET
12161223129,1091515631,San Luis,104.72589325167733,40,2.6181473312919334,STREET
12478914529,1941488164,Julio Leónidas Aguirre,66.78954717092455,40,1.6697386792731137,STREET
12478914553,1941488159,Julio Leónidas Aguirre,16.98874070616576,40,0.42471851765414403,STREET
12478914553,12478914529,Julio Leónidas Aguirre,23.36165190464661,40,0.5840412976161653,STREET
12990936866,5364451009,Chile,128.3320647005578,40,3.208301617513945,STREET
12990936866,12990936874,Bernardino Rivadavia,116.74326717263042,40,2.9185816793157606,STREET
12990936872,287042852,Bernardino Rivadavia,120.19052995250345,40,3.004763248812586,STREET
12990936872,676748161,Patricias Mendocinas,116.71208953445691,40,2.9178022383614226,STREET
12990936873,12990936872,Bernardino Rivadavia,117.65896232150874,40,2.9414740580377186,STREET
12990936874,12990936873,Bernardino Rivadavia,13.635042691177249,40,0.3408760672794312,STREET
12990936874,287048132,Avenida Bartolomé Mitre,118.98229336643274,40,2.9745573341608185,STREET
